DELETE FROM itemApparatusOfTheCrabLever;
DELETE FROM sqlite_sequence WHERE name='itemApparatusOfTheCrabLever';
INSERT INTO itemApparatusOfTheCrabLever (lever, position, effect) VALUES ( 1, 1, 'Legs and tail extend, allowing the apparatus to walk and swim.');
INSERT INTO itemApparatusOfTheCrabLever (lever, position, effect) VALUES ( 1, 0, 'Legs and tail retract, reducing the apparatus’s speed to 0 and making it unable to benefit from bonuses to speed.');
INSERT INTO itemApparatusOfTheCrabLever (lever, position, effect) VALUES ( 2, 1, 'Forward window shutter opens.');
INSERT INTO itemApparatusOfTheCrabLever (lever, position, effect) VALUES ( 2, 0, 'Forward window shutter closes.');
INSERT INTO itemApparatusOfTheCrabLever (lever, position, effect) VALUES ( 3, 1, 'Side window shutters open (two per side).');
INSERT INTO itemApparatusOfTheCrabLever (lever, position, effect) VALUES ( 3, 0, 'Side window shutters close (two per side).');
INSERT INTO itemApparatusOfTheCrabLever (lever, position, effect) VALUES ( 4, 1, 'Two claws extend from the front sides of the apparatus.');
INSERT INTO itemApparatusOfTheCrabLever (lever, position, effect) VALUES ( 4, 0, 'The claws retract.');
INSERT INTO itemApparatusOfTheCrabLever (lever, position, effect) VALUES ( 5, 1, 'Each extended claw makes the following melee weapon attack: +8 to hit, reach 5 ft., one target. Hit: 7 (2d6) bludgeoning damage.');
INSERT INTO itemApparatusOfTheCrabLever (lever, position, effect) VALUES ( 5, 0, 'Each extended claw makes the following melee weapon attack: +8 to hit, reach 5 ft., one target. Hit: The target is grappled (escape DC 15).');
INSERT INTO itemApparatusOfTheCrabLever (lever, position, effect) VALUES ( 6, 1, 'The apparatus walks or swims forward.');
INSERT INTO itemApparatusOfTheCrabLever (lever, position, effect) VALUES ( 6, 0, 'The apparatus walks or swims backward.');
INSERT INTO itemApparatusOfTheCrabLever (lever, position, effect) VALUES ( 7, 1, 'The apparatus turns 90 degrees left.');
INSERT INTO itemApparatusOfTheCrabLever (lever, position, effect) VALUES ( 7, 0, 'The apparatus turns 90 degrees right.');
INSERT INTO itemApparatusOfTheCrabLever (lever, position, effect) VALUES ( 8, 1, 'Eyelike fixtures emit bright light in a 30-­‐foot radius and dim light for an additional 30 feet.');
INSERT INTO itemApparatusOfTheCrabLever (lever, position, effect) VALUES ( 8, 0, 'The light turns off.');
INSERT INTO itemApparatusOfTheCrabLever (lever, position, effect) VALUES ( 9, 1, 'The apparatus sinks as much as 20 feet in liquid.');
INSERT INTO itemApparatusOfTheCrabLever (lever, position, effect) VALUES ( 9, 0, 'The apparatus rises up to 20 feet in liquid.');
INSERT INTO itemApparatusOfTheCrabLever (lever, position, effect) VALUES ( 10, 1, 'The rear hatch unseals and opens.');
INSERT INTO itemApparatusOfTheCrabLever (lever, position, effect) VALUES ( 10, 0, 'The rear hatch closes and seals.');

DELETE FROM itemArmorOfResistanceResistance;
DELETE FROM sqlite_sequence WHERE name='itemArmorOfResistanceResistance';
INSERT INTO itemArmorOfResistanceResistance (roll, damageID) VALUES (1, 1);
INSERT INTO itemArmorOfResistanceResistance (roll, damageID) VALUES (2, 3);
INSERT INTO itemArmorOfResistanceResistance (roll, damageID) VALUES (3, 4);
INSERT INTO itemArmorOfResistanceResistance (roll, damageID) VALUES (4, 11);
INSERT INTO itemArmorOfResistanceResistance (roll, damageID) VALUES (5, 6);
INSERT INTO itemArmorOfResistanceResistance (roll, damageID) VALUES (6, 7);
INSERT INTO itemArmorOfResistanceResistance (roll, damageID) VALUES (7, 9);
INSERT INTO itemArmorOfResistanceResistance (roll, damageID) VALUES (8, 10);
INSERT INTO itemArmorOfResistanceResistance (roll, damageID) VALUES (9, 5);
INSERT INTO itemArmorOfResistanceResistance (roll, damageID) VALUES (10, 13);

DELETE FROM itemBagOfBeansBean;
DELETE FROM sqlite_sequence WHERE name='itemBagOfBeansBean';
INSERT INTO itemBagOfBeansBean (roll, effect) VALUES (1, '5d4 toadstools sprout. If a creature eats a toadstool, roll any die. On an odd roll, the eater must succeed on a DC 15 Constitution saving throw or take 5d6 poison damage and become poisoned for 1 hour. On an even roll, the eater gains 5d6 temporary hit points for 1 hour.');
INSERT INTO itemBagOfBeansBean (roll, effect) VALUES (10, 'A geyser erupts and spouts water, beer, berry juice, tea, vinegar, wine, or oil (GM’s choice) 30 feet into the air for 1d12 rounds.');
INSERT INTO itemBagOfBeansBean (roll, effect) VALUES (20, 'A treant sprouts. There’s a 50 percent chance that the treant is chaotic evil and attacks.');
INSERT INTO itemBagOfBeansBean (roll, effect) VALUES (30, 'An animate, immobile stone statue in your likeness rises. It makes verbal threats against you. If you leave it and others come near, it describes you as the most heinous of villains and directs the newcomers to find and attack you. If you are on the same plane of existence as the statue, it knows where you are. The statue becomes inanimate after 24 hours.');
INSERT INTO itemBagOfBeansBean (roll, effect) VALUES (40, 'A campfire with blue flames springs forth and burns for 24 hours (or until it is extinguished).');
INSERT INTO itemBagOfBeansBean (roll, effect) VALUES (50, '1d6 + 6 shriekers sprout.');
INSERT INTO itemBagOfBeansBean (roll, effect) VALUES (60, '1d4 + 8 bright pink toads crawl forth. Whenever a toad is touched, it transforms into a Large or smaller monster of the GM’s choice. The monster remains for 1 minute, then disappears in a puff of bright pink smoke.');
INSERT INTO itemBagOfBeansBean (roll, effect) VALUES (70, 'A hungry bulette burrows up and attacks.');
INSERT INTO itemBagOfBeansBean (roll, effect) VALUES (80, 'A fruit tree grows. It has 1d10 + 20 fruit, 1d8 of which act as randomly determined magic potions, while one acts as an ingested poison of the GM’s choice. The tree vanishes after 1 hour.  Picked fruit remains, retaining any magic for 30 days.');
INSERT INTO itemBagOfBeansBean (roll, effect) VALUES (90, 'A nest of 1d4 + 3 eggs springs up. Any creature that eats an egg must make a DC 20 Constitution saving throw. On a successful save, a creature permanently increases its lowest ability score by 1, randomly choosing among equally low scores.  On a failed save, the creature takes 10d6 force damage from an internal magical explosion.');
INSERT INTO itemBagOfBeansBean (roll, effect) VALUES (99, 'A pyramid with a 60-­‐foot-­‐square base bursts upward. Inside is a sarcophagus containing a mummy lord. The pyramid is treated as the mummy lord’s lair, and its sarcophagus contains treasure of the GM’s choice.');
INSERT INTO itemBagOfBeansBean (roll, effect) VALUES (100, 'A giant beanstalk sprouts, growing to a height of the GM’s choice. The top leads where the GM chooses, such as to a great view, a cloud giant’s castle, or a different plane of existence.');

DELETE FROM itemBagOfTricksType;
DELETE FROM sqlite_sequence WHERE name='itemBagOfTricksType';
INSERT INTO itemBagOfTricksType (name) VALUES ('Gray');
INSERT INTO itemBagOfTricksType (name) VALUES ('Rust');
INSERT INTO itemBagOfTricksType (name) VALUES ('Tan');

DELETE FROM itemBagOfTricksTrick;
DELETE FROM sqlite_sequence WHERE name='itemBagOfTricksTrick';
INSERT INTO itemBagOfTricksTrick (bagID, roll, creatureID) VALUES (1, 1, 309);
INSERT INTO itemBagOfTricksTrick (bagID, roll, creatureID) VALUES (1, 2, 256);
INSERT INTO itemBagOfTricksTrick (bagID, roll, creatureID) VALUES (1, 3, 217);
INSERT INTO itemBagOfTricksTrick (bagID, roll, creatureID) VALUES (1, 4, 222);
INSERT INTO itemBagOfTricksTrick (bagID, roll, creatureID) VALUES (1, 5, 280);
INSERT INTO itemBagOfTricksTrick (bagID, roll, creatureID) VALUES (1, 6, 239);
INSERT INTO itemBagOfTricksTrick (bagID, roll, creatureID) VALUES (1, 7, 231);
INSERT INTO itemBagOfTricksTrick (bagID, roll, creatureID) VALUES (1, 8, 247);
INSERT INTO itemBagOfTricksTrick (bagID, roll, creatureID) VALUES (2, 1, 286);
INSERT INTO itemBagOfTricksTrick (bagID, roll, creatureID) VALUES (2, 2, 279);
INSERT INTO itemBagOfTricksTrick (bagID, roll, creatureID) VALUES (2, 3, 276);
INSERT INTO itemBagOfTricksTrick (bagID, roll, creatureID) VALUES (2, 4, 267);
INSERT INTO itemBagOfTricksTrick (bagID, roll, creatureID) VALUES (2, 5, 250);
INSERT INTO itemBagOfTricksTrick (bagID, roll, creatureID) VALUES (2, 6, 241);
INSERT INTO itemBagOfTricksTrick (bagID, roll, creatureID) VALUES (2, 7, 273);
INSERT INTO itemBagOfTricksTrick (bagID, roll, creatureID) VALUES (2, 8, 223);
INSERT INTO itemBagOfTricksTrick (bagID, roll, creatureID) VALUES (3, 1, 271);
INSERT INTO itemBagOfTricksTrick (bagID, roll, creatureID) VALUES (3, 2, 212);
INSERT INTO itemBagOfTricksTrick (bagID, roll, creatureID) VALUES (3, 3, 216);
INSERT INTO itemBagOfTricksTrick (bagID, roll, creatureID) VALUES (3, 4, 215);
INSERT INTO itemBagOfTricksTrick (bagID, roll, creatureID) VALUES (3, 5, 219);
INSERT INTO itemBagOfTricksTrick (bagID, roll, creatureID) VALUES (3, 6, 265);
INSERT INTO itemBagOfTricksTrick (bagID, roll, creatureID) VALUES (3, 7, 251);
INSERT INTO itemBagOfTricksTrick (bagID, roll, creatureID) VALUES (3, 8, 306);

DELETE FROM itemCandleOfInvocationType;
DELETE FROM sqlite_sequence WHERE name='itemCandleOfInvocationType';
INSERT INTO itemCandleOfInvocationType (roll, alignmentID) VALUES (2, 9);
INSERT INTO itemCandleOfInvocationType (roll, alignmentID) VALUES (4, 8);
INSERT INTO itemCandleOfInvocationType (roll, alignmentID) VALUES (7, 7);
INSERT INTO itemCandleOfInvocationType (roll, alignmentID) VALUES (9, 6);
INSERT INTO itemCandleOfInvocationType (roll, alignmentID) VALUES (11, 5);
INSERT INTO itemCandleOfInvocationType (roll, alignmentID) VALUES (13, 4);
INSERT INTO itemCandleOfInvocationType (roll, alignmentID) VALUES (15, 3);
INSERT INTO itemCandleOfInvocationType (roll, alignmentID) VALUES (17, 2);
INSERT INTO itemCandleOfInvocationType (roll, alignmentID) VALUES (20, 1);

DELETE FROM itemCarpetOfFlyingType;
DELETE FROM sqlite_sequence WHERE name='itemCarpetOfFlyingType';
INSERT INTO itemCarpetOfFlyingType (roll, width, height, measureID, carryCapacity, speed, speedMeasureID) VALUES (20, 3, 5, 3, 200, 80, 3);
INSERT INTO itemCarpetOfFlyingType (roll, width, height, measureID, carryCapacity, speed, speedMeasureID) VALUES (55, 4, 6, 3, 400, 60, 3);
INSERT INTO itemCarpetOfFlyingType (roll, width, height, measureID, carryCapacity, speed, speedMeasureID) VALUES (80, 5, 7, 3, 600, 40, 3);
INSERT INTO itemCarpetOfFlyingType (roll, width, height, measureID, carryCapacity, speed, speedMeasureID) VALUES (100, 6, 9, 3, 800, 30, 3);

DELETE FROM itemCubeOfForceFace;
DELETE FROM sqlite_sequence WHERE name='itemCubeOfForceFace';
INSERT INTO itemCubeOfForceFace (face, cost, effect) VALUES (1, 1, 'Gases, wind, and fog can’t pass through the barrier.');
INSERT INTO itemCubeOfForceFace (face, cost, effect) VALUES (2, 2, 'Nonliving matter can’t pass through the barrier. Walls, floors, and ceilings can pass through at your discretion.');
INSERT INTO itemCubeOfForceFace (face, cost, effect) VALUES (3, 3, 'Living matter can’t pass through the barrier.');
INSERT INTO itemCubeOfForceFace (face, cost, effect) VALUES (4, 4, 'Spell effects can’t pass through the barrier.');
INSERT INTO itemCubeOfForceFace (face, cost, effect) VALUES (5, 5, 'Nothing can pass through the barrier.  Walls, floors, and ceilings can pass through at your discretion.');
INSERT INTO itemCubeOfForceFace (face, cost, effect) VALUES (6, 0, 'The barrier deactivates.');

DELETE FROM itemCubeOfForceChargeLoss;
DELETE FROM sqlite_sequence WHERE name='itemCubeOfForceChargeLoss';
INSERT INTO itemCubeOfForceChargeLoss (spellNotItem, sourceID, formula) VALUES (0, 84, '1d12');
INSERT INTO itemCubeOfForceChargeLoss (spellNotItem, sourceID, formula) VALUES (1, 0, '1d10');
INSERT INTO itemCubeOfForceChargeLoss (spellNotItem, sourceID, formula) VALUES (0, 215, '1d6');
INSERT INTO itemCubeOfForceChargeLoss (spellNotItem, sourceID, formula) VALUES (0, 228, '1d20');
INSERT INTO itemCubeOfForceChargeLoss (spellNotItem, sourceID, formula) VALUES (0, 305, '1d4');

DELETE FROM stdPlayingCardSuit;
DELETE FROM sqlite_sequence WHERE name='stdPlayingCardSuit';
INSERT INTO stdPlayingCardSuit (name) VALUES ('clubs');
INSERT INTO stdPlayingCardSuit (name) VALUES ('diamonds');
INSERT INTO stdPlayingCardSuit (name) VALUES ('hearts');
INSERT INTO stdPlayingCardSuit (name) VALUES ('spades');

DELETE FROM stdPlayingCardNumber;
DELETE FROM sqlite_sequence WHERE name='stdPlayingCardNumber';
INSERT INTO stdPlayingCardNumber (value, display) VALUES (1, 'Ace');
INSERT INTO stdPlayingCardNumber (value, display) VALUES (2, '2');
INSERT INTO stdPlayingCardNumber (value, display) VALUES (3, '3');
INSERT INTO stdPlayingCardNumber (value, display) VALUES (4, '4');
INSERT INTO stdPlayingCardNumber (value, display) VALUES (5, '5');
INSERT INTO stdPlayingCardNumber (value, display) VALUES (6, '6');
INSERT INTO stdPlayingCardNumber (value, display) VALUES (7, '7');
INSERT INTO stdPlayingCardNumber (value, display) VALUES (8, '8');
INSERT INTO stdPlayingCardNumber (value, display) VALUES (9, '9');
INSERT INTO stdPlayingCardNumber (value, display) VALUES (10, '10');
INSERT INTO stdPlayingCardNumber (value, display) VALUES (11, 'Jack');
INSERT INTO stdPlayingCardNumber (value, display) VALUES (12, 'Queen');
INSERT INTO stdPlayingCardNumber (value, display) VALUES (13, 'King');
INSERT INTO stdPlayingCardNumber (value, display) VALUES (NULL, 'Joker TM');
INSERT INTO stdPlayingCardNumber (value, display) VALUES (NULL, 'Joker, no TM');

DELETE FROM stdPlayingCard;
DELETE FROM sqlite_sequence WHERE name='stdPlayingCard';
INSERT INTO stdPlayingCard (suitID, numID) VALUES (1, 1);
INSERT INTO stdPlayingCard (suitID, numID) VALUES (1, 2);
INSERT INTO stdPlayingCard (suitID, numID) VALUES (1, 3);
INSERT INTO stdPlayingCard (suitID, numID) VALUES (1, 4);
INSERT INTO stdPlayingCard (suitID, numID) VALUES (1, 5);
INSERT INTO stdPlayingCard (suitID, numID) VALUES (1, 6);
INSERT INTO stdPlayingCard (suitID, numID) VALUES (1, 7);
INSERT INTO stdPlayingCard (suitID, numID) VALUES (1, 8);
INSERT INTO stdPlayingCard (suitID, numID) VALUES (1, 9);
INSERT INTO stdPlayingCard (suitID, numID) VALUES (1, 10);
INSERT INTO stdPlayingCard (suitID, numID) VALUES (1, 11);
INSERT INTO stdPlayingCard (suitID, numID) VALUES (1, 12);
INSERT INTO stdPlayingCard (suitID, numID) VALUES (1, 13);
INSERT INTO stdPlayingCard (suitID, numID) VALUES (2, 1);
INSERT INTO stdPlayingCard (suitID, numID) VALUES (2, 2);
INSERT INTO stdPlayingCard (suitID, numID) VALUES (2, 3);
INSERT INTO stdPlayingCard (suitID, numID) VALUES (2, 4);
INSERT INTO stdPlayingCard (suitID, numID) VALUES (2, 5);
INSERT INTO stdPlayingCard (suitID, numID) VALUES (2, 6);
INSERT INTO stdPlayingCard (suitID, numID) VALUES (2, 7);
INSERT INTO stdPlayingCard (suitID, numID) VALUES (2, 8);
INSERT INTO stdPlayingCard (suitID, numID) VALUES (2, 9);
INSERT INTO stdPlayingCard (suitID, numID) VALUES (2, 10);
INSERT INTO stdPlayingCard (suitID, numID) VALUES (2, 11);
INSERT INTO stdPlayingCard (suitID, numID) VALUES (2, 12);
INSERT INTO stdPlayingCard (suitID, numID) VALUES (2, 13);
INSERT INTO stdPlayingCard (suitID, numID) VALUES (3, 1);
INSERT INTO stdPlayingCard (suitID, numID) VALUES (3, 2);
INSERT INTO stdPlayingCard (suitID, numID) VALUES (3, 3);
INSERT INTO stdPlayingCard (suitID, numID) VALUES (3, 4);
INSERT INTO stdPlayingCard (suitID, numID) VALUES (3, 5);
INSERT INTO stdPlayingCard (suitID, numID) VALUES (3, 6);
INSERT INTO stdPlayingCard (suitID, numID) VALUES (3, 7);
INSERT INTO stdPlayingCard (suitID, numID) VALUES (3, 8);
INSERT INTO stdPlayingCard (suitID, numID) VALUES (3, 9);
INSERT INTO stdPlayingCard (suitID, numID) VALUES (3, 10);
INSERT INTO stdPlayingCard (suitID, numID) VALUES (3, 11);
INSERT INTO stdPlayingCard (suitID, numID) VALUES (3, 12);
INSERT INTO stdPlayingCard (suitID, numID) VALUES (3, 13);
INSERT INTO stdPlayingCard (suitID, numID) VALUES (4, 1);
INSERT INTO stdPlayingCard (suitID, numID) VALUES (4, 2);
INSERT INTO stdPlayingCard (suitID, numID) VALUES (4, 3);
INSERT INTO stdPlayingCard (suitID, numID) VALUES (4, 4);
INSERT INTO stdPlayingCard (suitID, numID) VALUES (4, 5);
INSERT INTO stdPlayingCard (suitID, numID) VALUES (4, 6);
INSERT INTO stdPlayingCard (suitID, numID) VALUES (4, 7);
INSERT INTO stdPlayingCard (suitID, numID) VALUES (4, 8);
INSERT INTO stdPlayingCard (suitID, numID) VALUES (4, 9);
INSERT INTO stdPlayingCard (suitID, numID) VALUES (4, 10);
INSERT INTO stdPlayingCard (suitID, numID) VALUES (4, 11);
INSERT INTO stdPlayingCard (suitID, numID) VALUES (4, 12);
INSERT INTO stdPlayingCard (suitID, numID) VALUES (4, 13);
INSERT INTO stdPlayingCard (suitID, numID) VALUES (NULL, 14);
INSERT INTO stdPlayingCard (suitID, numID) VALUES (NULL, 15);

DELETE FROM itemDeckOfIllusionsMonster;
DELETE FROM sqlite_sequence WHERE name='itemDeckOfIllusionsMonster';
INSERT INTO itemDeckOfIllusionsMonster (suitID, numID, monsterID, quantity) VALUES (INSERT INTO itemDeckOfIllusionsMonster (suitID, numID, monsterID, quantity) VALUES (3, 1, 59, 1););
INSERT INTO itemDeckOfIllusionsMonster (suitID, numID, monsterID, quantity) VALUES (3, 13, 325, 1);
INSERT INTO itemDeckOfIllusionsMonster (suitID, numID, monsterID, quantity) VALUES (3, 13, 324, 4);
INSERT INTO itemDeckOfIllusionsMonster (suitID, numID, monsterID, quantity) VALUES (3, 12, 198, 1);
INSERT INTO itemDeckOfIllusionsMonster (suitID, numID, monsterID, quantity) VALUES (3, 11, 322, 1);
INSERT INTO itemDeckOfIllusionsMonster (suitID, numID, monsterID, quantity) VALUES (3, 10, 102, 1);
INSERT INTO itemDeckOfIllusionsMonster (suitID, numID, monsterID, quantity) VALUES (3, 9, 89, 1);
INSERT INTO itemDeckOfIllusionsMonster (suitID, numID, monsterID, quantity) VALUES (3, 8, 12, 1);
INSERT INTO itemDeckOfIllusionsMonster (suitID, numID, monsterID, quantity) VALUES (3, 2, 111, 1);
INSERT INTO itemDeckOfIllusionsMonster (suitID, numID, monsterID, quantity) VALUES (2, 1, 195, 1);
INSERT INTO itemDeckOfIllusionsMonster (suitID, numID, monsterID, quantity) VALUES (2, 13, 314, 1);
INSERT INTO itemDeckOfIllusionsMonster (suitID, numID, monsterID, quantity) VALUES (2, 13, 326, 1);
INSERT INTO itemDeckOfIllusionsMonster (suitID, numID, monsterID, quantity) VALUES (2, 12, 121, 1);
INSERT INTO itemDeckOfIllusionsMonster (suitID, numID, monsterID, quantity) VALUES (2, 11, 315, 1);
INSERT INTO itemDeckOfIllusionsMonster (suitID, numID, monsterID, quantity) VALUES (2, 10, 103, 1);
INSERT INTO itemDeckOfIllusionsMonster (suitID, numID, monsterID, quantity) VALUES (2, 9, 167, 1);
INSERT INTO itemDeckOfIllusionsMonster (suitID, numID, monsterID, quantity) VALUES (2, 8, 109, 1);
INSERT INTO itemDeckOfIllusionsMonster (suitID, numID, monsterID, quantity) VALUES (2, 2, 131, 1);
INSERT INTO itemDeckOfIllusionsMonster (suitID, numID, monsterID, quantity) VALUES (4, 1, 134, 1);
INSERT INTO itemDeckOfIllusionsMonster (suitID, numID, monsterID, quantity) VALUES (4, 13, 328, 1);
INSERT INTO itemDeckOfIllusionsMonster (suitID, numID, monsterID, quantity) VALUES (4, 13, 313, 2);
INSERT INTO itemDeckOfIllusionsMonster (suitID, numID, monsterID, quantity) VALUES (4, 12, 153, 1);
INSERT INTO itemDeckOfIllusionsMonster (suitID, numID, monsterID, quantity) VALUES (4, 11, 333, 1);
INSERT INTO itemDeckOfIllusionsMonster (suitID, numID, monsterID, quantity) VALUES (4, 10, 104, 1);
INSERT INTO itemDeckOfIllusionsMonster (suitID, numID, monsterID, quantity) VALUES (4, 9, 201, 1);
INSERT INTO itemDeckOfIllusionsMonster (suitID, numID, monsterID, quantity) VALUES (4, 8, 127, 1);
INSERT INTO itemDeckOfIllusionsMonster (suitID, numID, monsterID, quantity) VALUES (4, 2, 111, 1);
INSERT INTO itemDeckOfIllusionsMonster (suitID, numID, monsterID, quantity) VALUES (1, 1, 114, 1);
INSERT INTO itemDeckOfIllusionsMonster (suitID, numID, monsterID, quantity) VALUES (1, 13, 317, 1);
INSERT INTO itemDeckOfIllusionsMonster (suitID, numID, monsterID, quantity) VALUES (1, 13, 316, 3);
INSERT INTO itemDeckOfIllusionsMonster (suitID, numID, monsterID, quantity) VALUES (1, 12, 36, 1);
INSERT INTO itemDeckOfIllusionsMonster (suitID, numID, monsterID, quantity) VALUES (1, 11, 318, 1);
INSERT INTO itemDeckOfIllusionsMonster (suitID, numID, monsterID, quantity) VALUES (1, 10, 105, 1);
INSERT INTO itemDeckOfIllusionsMonster (suitID, numID, monsterID, quantity) VALUES (1, 9, 167, 1);
INSERT INTO itemDeckOfIllusionsMonster (suitID, numID, monsterID, quantity) VALUES (1, 8, 173, 1);
INSERT INTO itemDeckOfIllusionsMonster (suitID, numID, monsterID, quantity) VALUES (1, 2, 131, 1);
INSERT INTO itemDeckOfIllusionsMonster (suitID, numID, monsterID, quantity) VALUES (NULL, 14, NULL, 1);
INSERT INTO itemDeckOfIllusionsMonster (suitID, numID, monsterID, quantity) VALUES (NULL, 15, NULL, 1);

DELETE FROM itemDeckOfManyThingsCard;
DELETE FROM sqlite_sequence WHERE name='itemDeckOfManyThingsCard';
INSERT INTO itemDeckOfManyThingsCard (suitID, numID, onlyIn22, name, effect) VALUES (3, 1, 1, 'Vizier', 'At any time you choose within one year of drawing this card, you can ask a question in meditation and mentally receive a truthful answer to that question. Besides information, the answer helps you solve a puzzling problem or other dilemma. In other words, the knowledge comes with wisdom on how to apply it.');
INSERT INTO itemDeckOfManyThingsCard (suitID, numID, onlyIn22, name, effect) VALUES (3, 13, 0, 'Sun', 'You gain 50,000 XP, and a wondrous item (which the GM determines randomly) appears in your hands.');
INSERT INTO itemDeckOfManyThingsCard (suitID, numID, onlyIn22, name, effect) VALUES (3, 12, 0, 'Moon', 'You are granted the ability to cast the wish spell 1d3 times.');
INSERT INTO itemDeckOfManyThingsCard (suitID, numID, onlyIn22, name, effect) VALUES (3, 11, 0, 'Star', 'Increase one of your ability scores by 2. The score can exceed 20 but can’t exceed 24.');
INSERT INTO itemDeckOfManyThingsCard (suitID, numID, onlyIn22, name, effect) VALUES (3, 2, 1, 'Comet', 'If you single-­‐‑handedly defeat the next hostile monster or group of monsters you encounter, you gain experience points enough to gain one level.  Otherwise, this card has no effect.');
INSERT INTO itemDeckOfManyThingsCard (suitID, numID, onlyIn22, name, effect) VALUES (2, 1, 1, 'The Fates', 'Reality’s fabric unravels and spins anew, allowing you to avoid or erase one event as if it never happened. You can use the card’s magic as soon as you draw the card or at any other time before you die.');
INSERT INTO itemDeckOfManyThingsCard (suitID, numID, onlyIn22, name, effect) VALUES (2, 13, 0, 'Throne', 'You gain proficiency in the Persuasion skill, and you double your proficiency bonus on checks made with that skill. In addition, you gain rightful ownership of a small keep somewhere in the world. However, the keep is currently in the hands of monsters, which you must clear out before you can claim the keep as yours.');
INSERT INTO itemDeckOfManyThingsCard (suitID, numID, onlyIn22, name, effect) VALUES (2, 12, 0, 'Key', 'A rare or rarer magic weapon with which you are proficient appears in your hands. The GM chooses the weapon.');
INSERT INTO itemDeckOfManyThingsCard (suitID, numID, onlyIn22, name, effect) VALUES (2, 11, 0, 'Knight', 'You gain the service of a 4th-­‐‑level fighter who appears in a space you choose within 30 feet of you. The fighter is of the same race as you and serves you loyally until death, believing the fates have drawn him or her to you. You control this character.');
INSERT INTO itemDeckOfManyThingsCard (suitID, numID, onlyIn22, name, effect) VALUES (2, 2, 1, 'Gem', 'Twenty-­‐‑five pieces of jewelry worth 2,000 gp each or fifty gems worth 1,000 gp each appear at your feet.');
INSERT INTO itemDeckOfManyThingsCard (suitID, numID, onlyIn22, name, effect) VALUES (1, 1, 1, 'Talons', 'Every magic item you wear or carry disintegrates. Artifacts in your possession aren’t destroyed but do vanish.');
INSERT INTO itemDeckOfManyThingsCard (suitID, numID, onlyIn22, name, effect) VALUES (1, 13, 0, 'The Void', 'Void. This black card spells disaster. Your soul is drawn from your body and contained in an object in a place of the GM’s choice. One or more powerful beings guard the place. While your soul is trapped in this way, your body is incapacitated. A wish spell can’t restore your soul, but the spell reveals the location of the object that holds it. You draw no more cards.');
INSERT INTO itemDeckOfManyThingsCard (suitID, numID, onlyIn22, name, effect) VALUES (1, 12, 0, 'Flames', 'A powerful devil becomes your enemy.  The devil seeks your ruin and plagues your life, savoring your suffering before attempting to slay you. This enmity lasts until either you or the devil dies.');
INSERT INTO itemDeckOfManyThingsCard (suitID, numID, onlyIn22, name, effect) VALUES (1, 11, 0, 'Skull', 'You summon an avatar of death—a ghostly humanoid skeleton clad in a tattered black robe and carrying a spectral scythe. It appears in a space of the GM’s choice within 10 feet of you and attacks you, warning all others that you must win the battle alone.  The avatar fights until you die or it drops to 0 hit points, whereupon it disappears. If anyone tries to help you, the helper summons its own avatar of death. A creature slain by an avatar of death can’t be restored to life.');
INSERT INTO itemDeckOfManyThingsCard (suitID, numID, onlyIn22, name, effect) VALUES (1, 2, 1, 'Idiot', 'Permanently reduce your Intelligence by 1d4 + 1 (to a minimum score of 1). You can draw one additional card beyond your declared draws.');
INSERT INTO itemDeckOfManyThingsCard (suitID, numID, onlyIn22, name, effect) VALUES (4, 1, 1, 'Donjon', 'You disappear and become entombed in a state of suspended animation in an extradimensional sphere. Everything you were wearing and carrying stays behind in the space you occupied when you disappeared. You remain imprisoned until you are found and removed from the sphere. You can’t be located by any divination magic, but a wish spell can reveal the location of your prison. You draw no more cards.');
INSERT INTO itemDeckOfManyThingsCard (suitID, numID, onlyIn22, name, effect) VALUES (4, 13, 0, 'Ruin', 'All forms of wealth that you carry or own, other than magic items, are lost to you. Portable property vanishes. Businesses, buildings, and land you own are lost in a way that alters reality the least.  Any documentation that proves you should own something lost to this card also disappears.');
INSERT INTO itemDeckOfManyThingsCard (suitID, numID, onlyIn22, name, effect) VALUES (4, 12, 0, 'Euryale', 'The card’s medusa-­‐‑like visage curses you.  You take a −2 penalty on saving throws while cursed in this way. Only a god or the magic of The Fates card can end this curse.');
INSERT INTO itemDeckOfManyThingsCard (suitID, numID, onlyIn22, name, effect) VALUES (4, 11, 0, 'Rogue', 'A nonplayer character of the GM’s choice becomes hostile toward you. The identity of your new enemy isn’t known until the NPC or someone else reveals it. Nothing less than a wish spell or divine intervention can end the NPC’s hostility toward you.');
INSERT INTO itemDeckOfManyThingsCard (suitID, numID, onlyIn22, name, effect) VALUES (4, 2, 1, 'Balance', 'Your mind suffers a wrenching alteration, causing your alignment to change. Lawful becomes chaotic, good becomes evil, and vice versa. If you are true neutral or unaligned, this card has no effect on you.');
INSERT INTO itemDeckOfManyThingsCard (suitID, numID, onlyIn22, name, effect) VALUES (NULL, 14, 1, 'Fool', 'You lose 10,000 XP, discard this card, and draw from the deck again, counting both draws as one of your declared draws. If losing that much XP would cause you to lose a level, you instead lose an amount that leaves you with just enough XP to keep your level.');
INSERT INTO itemDeckOfManyThingsCard (suitID, numID, onlyIn22, name, effect) VALUES (NULL, 15, 0, 'Jester', 'You gain 10,000 XP, or you can draw two additional cards beyond your declared draws.');

DELETE FROM itemDragonScaleMailResistance;
DELETE FROM sqlite_sequence WHERE name='itemDragonScaleMailResistance';
INSERT INTO itemDragonScaleMailResistance (dragonType, damageTypeID) VALUES ('Black', 1);
INSERT INTO itemDragonScaleMailResistance (dragonType, damageTypeID) VALUES ('Gold', 4);
INSERT INTO itemDragonScaleMailResistance (dragonType, damageTypeID) VALUES ('Blue', 6);
INSERT INTO itemDragonScaleMailResistance (dragonType, damageTypeID) VALUES ('Green', 9);
INSERT INTO itemDragonScaleMailResistance (dragonType, damageTypeID) VALUES ('Brass', 4);
INSERT INTO itemDragonScaleMailResistance (dragonType, damageTypeID) VALUES ('Red', 4);
INSERT INTO itemDragonScaleMailResistance (dragonType, damageTypeID) VALUES ('Bronze', 6);
INSERT INTO itemDragonScaleMailResistance (dragonType, damageTypeID) VALUES ('Silver', 3);
INSERT INTO itemDragonScaleMailResistance (dragonType, damageTypeID) VALUES ('Copper', 1);
INSERT INTO itemDragonScaleMailResistance (dragonType, damageTypeID) VALUES ('White', 3);

DELETE FROM itemEfreetiBottleEffect;
DELETE FROM sqlite_sequence WHERE name='itemEfreetiBottleEffect';
INSERT INTO itemEfreetiBottleEffect (roll, result) VALUES (10, 'The efreeti attacks you. After fighting for 5 rounds, the efreeti disappears, and the bottle loses its magic.');
INSERT INTO itemEfreetiBottleEffect (roll, result) VALUES (90, 'The efreeti serves you for 1 hour, doing as you command. Then the efreeti returns to the bottle, and a new stopper contains it. The stopper can’t be removed for 24 hours. The next two times the bottle is opened, the same effect occurs. If the bottle is opened a fourth time, the efreeti escapes and disappears, and the bottle loses its magic.');
INSERT INTO itemEfreetiBottleEffect (roll, result) VALUES (100, 'The efreeti can cast the wish spell three times for you. It disappears when it grants the final wish or after 1 hour, and the bottle loses its magic.');

DELETE FROM itemElementalGemSummon;
DELETE FROM sqlite_sequence WHERE name='itemElementalGemSummon';
INSERT INTO itemElementalGemSummon (gem, monsterID) VALUES ('Blue sapphire', 90);
INSERT INTO itemElementalGemSummon (gem, monsterID) VALUES ('Yellow diamond', 91);
INSERT INTO itemElementalGemSummon (gem, monsterID) VALUES ('Red corundum', 92);
INSERT INTO itemElementalGemSummon (gem, monsterID) VALUES ('Emerald', 93);

DELETE FROM itemFeatherTokenEffect;
DELETE FROM sqlite_sequence WHERE name='itemFeatherTokenEffect';
INSERT INTO itemFeatherTokenEffect (roll, token, description) VALUES (20, 'Anchor', 'You can use an action to touch the token to a boat or ship. For the next 24 hours, the vessel can’t be moved by any means. Touching the token to the vessel again ends the effect. When the effect ends, the token disappears.');
INSERT INTO itemFeatherTokenEffect (roll, token, description) VALUES (35, 'Bird', 'You can use an action to toss the token 5 feet into the air. The token disappears and an enormous, multicolored bird takes its place. The bird has the statistics of a roc, but it obeys your simple commands and can’t attack. It can carry up to 500 pounds while flying at its maximum speed (16 miles an hour for a maximum of 144 miles per day, with a one-­‐‑hour rest for every 3 hours of flying), or 1,000 pounds at half that speed. The bird disappears after flying its maximum distance for a day or if it drops to 0 hit points. You can dismiss the bird as an action.');
INSERT INTO itemFeatherTokenEffect (roll, token, description) VALUES (50, 'Fan', 'If you are on a boat or ship, you can use an action to toss the token up to 10 feet in the air. The token disappears, and a giant flapping fan takes its place. The fan floats and creates a wind strong enough to fill the sails of one ship, increasing its speed by 5 miles per hour for 8 hours. You can dismiss the fan as an action.');
INSERT INTO itemFeatherTokenEffect (roll, token, description) VALUES (65, 'Swan boat', 'Boat. You can use an action to touch the token to a body of water at least 60 feet in diameter.  The token disappears, and a 50-­‐‑foot-­‐‑long, 20-­‐‑foot-­‐‑ wide boat shaped like a swan takes its place. The boat is self-­‐‑propelled and moves across water at a speed of 6 miles per hour. You can use an action while on the boat to command it to move or to turn up to 90 degrees. The boat can carry up to thirty-­‐‑two Medium or smaller creatures. A Large creature counts as four Medium creatures, while a Huge creature counts as nine. The boat remains for 24 hours and then disappears. You can dismiss the boat as an action.');
INSERT INTO itemFeatherTokenEffect (roll, token, description) VALUES (90, 'Tree', 'You must be outdoors to use this token. You can use an action to touch it to an unoccupied space on the ground. The token disappears, and in its place a nonmagical oak tree springs into existence. The tree is 60 feet tall and has a 5-­‐‑foot-­‐‑diameter trunk, and its branches at the top spread out in a 20-­‐‑foot radius.');
INSERT INTO itemFeatherTokenEffect (roll, token, description) VALUES (100, 'Whip', 'You can use an action to throw the token to a point within 10 feet of you. The token disappears, and a floating whip takes its place. You can then use a bonus action to make a melee spell attack against a creature within 10 feet of the whip, with an attack bonus of +9. On a hit, the target takes 1d6 + 5 force damage.  As a bonus action on your turn, you can direct the whip to fly up to 20 feet and repeat the attack against a creature within 10 feet of it. The whip disappears after 1 hour, when you use an action to dismiss it, or when you are incapacitated or die.');

DELETE FROM itemIronFlaskContents;
DELETE FROM sqlite_sequence WHERE name='itemIronFlaskContents';
INSERT INTO itemIronFlaskContents (roll, monsterID) VALUES (50, NULL);
INSERT INTO itemIronFlaskContents (roll, monsterID) VALUES (54, 31);
INSERT INTO itemIronFlaskContents (roll, monsterID) VALUES (58, 27);
INSERT INTO itemIronFlaskContents (roll, monsterID) VALUES (62, 26);
INSERT INTO itemIronFlaskContents (roll, monsterID) VALUES (64, 29);
INSERT INTO itemIronFlaskContents (roll, monsterID) VALUES (65, 28);
INSERT INTO itemIronFlaskContents (roll, monsterID) VALUES (66, 24);
INSERT INTO itemIronFlaskContents (roll, monsterID) VALUES (67, 2);
INSERT INTO itemIronFlaskContents (roll, monsterID) VALUES (69, 37);
INSERT INTO itemIronFlaskContents (roll, monsterID) VALUES (69, 36);
INSERT INTO itemIronFlaskContents (roll, monsterID) VALUES (69, 38);
INSERT INTO itemIronFlaskContents (roll, monsterID) VALUES (69, 41);
INSERT INTO itemIronFlaskContents (roll, monsterID) VALUES (73, 39);
INSERT INTO itemIronFlaskContents (roll, monsterID) VALUES (73, 33);
INSERT INTO itemIronFlaskContents (roll, monsterID) VALUES (73, 32);
INSERT INTO itemIronFlaskContents (roll, monsterID) VALUES (73, 35);
INSERT INTO itemIronFlaskContents (roll, monsterID) VALUES (73, 34);
INSERT INTO itemIronFlaskContents (roll, monsterID) VALUES (75, 97);
INSERT INTO itemIronFlaskContents (roll, monsterID) VALUES (77, 98);
INSERT INTO itemIronFlaskContents (roll, monsterID) VALUES (83, 90);
INSERT INTO itemIronFlaskContents (roll, monsterID) VALUES (83, 91);
INSERT INTO itemIronFlaskContents (roll, monsterID) VALUES (83, 92);
INSERT INTO itemIronFlaskContents (roll, monsterID) VALUES (83, 93);
INSERT INTO itemIronFlaskContents (roll, monsterID) VALUES (86, 130);
INSERT INTO itemIronFlaskContents (roll, monsterID) VALUES (90, 121);
INSERT INTO itemIronFlaskContents (roll, monsterID) VALUES (91, 3);
INSERT INTO itemIronFlaskContents (roll, monsterID) VALUES (95, 185);
INSERT INTO itemIronFlaskContents (roll, monsterID) VALUES (96, 4);
INSERT INTO itemIronFlaskContents (roll, monsterID) VALUES (99, 198);
INSERT INTO itemIronFlaskContents (roll, monsterID) VALUES (100, 209);

DELETE FROM itemManualOfGolemsType;
DELETE FROM sqlite_sequence WHERE name='itemManualOfGolemsType';
INSERT INTO itemManualOfGolemsType (roll, monsterID, buildingTime, timeID, cost, costID) VALUES (5, 112, 30, 8, 65000, 1);
INSERT INTO itemManualOfGolemsType (roll, monsterID, buildingTime, timeID, cost, costID) VALUES (17, 113, 60, 8, 50000, 1);
INSERT INTO itemManualOfGolemsType (roll, monsterID, buildingTime, timeID, cost, costID) VALUES (18, 114, 120, 8, 100000, 1);
INSERT INTO itemManualOfGolemsType (roll, monsterID, buildingTime, timeID, cost, costID) VALUES (20, 115, 90, 8, 80000, 1);

DELETE FROM itemNecklaceofPrayerBeadsType;
DELETE FROM sqlite_sequence WHERE name='itemNecklaceofPrayerBeadsType';
INSERT INTO itemNecklaceofPrayerBeadsType (roll, spellID, higherLevelMod) VALUES (6, 'Blessing', 29, 0);
INSERT INTO itemNecklaceofPrayerBeadsType (roll, spellID, higherLevelMod) VALUES (12, 'Curing', 70, 1);
INSERT INTO itemNecklaceofPrayerBeadsType (roll, spellID, higherLevelMod) VALUES (12, 'Curing', 178, 0);
INSERT INTO itemNecklaceofPrayerBeadsType (roll, spellID, higherLevelMod) VALUES (16, 'Favor', 143, 0);
INSERT INTO itemNecklaceofPrayerBeadsType (roll, spellID, higherLevelMod) VALUES (18, 'Smiting', 34, 0);
INSERT INTO itemNecklaceofPrayerBeadsType (roll, spellID, higherLevelMod) VALUES (19, 'Summons', 218, 0);
INSERT INTO itemNecklaceofPrayerBeadsType (roll, spellID, higherLevelMod) VALUES (20, 'Wind walking', 315, 0);

DELETE FROM itemPotionOfResistanceType;
DELETE FROM sqlite_sequence WHERE name='itemPotionOfResistanceType';
INSERT INTO itemPotionOfResistanceType (damageTypeID) VALUES (1);
INSERT INTO itemPotionOfResistanceType (damageTypeID) VALUES (3);
INSERT INTO itemPotionOfResistanceType (damageTypeID) VALUES (4);
INSERT INTO itemPotionOfResistanceType (damageTypeID) VALUES (5);
INSERT INTO itemPotionOfResistanceType (damageTypeID) VALUES (6);
INSERT INTO itemPotionOfResistanceType (damageTypeID) VALUES (7);
INSERT INTO itemPotionOfResistanceType (damageTypeID) VALUES (9);
INSERT INTO itemPotionOfResistanceType (damageTypeID) VALUES (10);
INSERT INTO itemPotionOfResistanceType (damageTypeID) VALUES (11);
INSERT INTO itemPotionOfResistanceType (damageTypeID) VALUES (13);

DELETE FROM itemRingOfResistanceType;
DELETE FROM sqlite_sequence WHERE name='itemRingOfResistanceType';
INSERT INTO itemRingOfResistanceType (stone, damageTypeID) VALUES ('Pearl', 1);
INSERT INTO itemRingOfResistanceType (stone, damageTypeID) VALUES ('Tourmaline', 3);
INSERT INTO itemRingOfResistanceType (stone, damageTypeID) VALUES ('Garnet', 4);
INSERT INTO itemRingOfResistanceType (stone, damageTypeID) VALUES ('Sapphire', 5);
INSERT INTO itemRingOfResistanceType (stone, damageTypeID) VALUES ('Citrine', 6);
INSERT INTO itemRingOfResistanceType (stone, damageTypeID) VALUES ('Jet', 7);
INSERT INTO itemRingOfResistanceType (stone, damageTypeID) VALUES ('Amethyst', 9);
INSERT INTO itemRingOfResistanceType (stone, damageTypeID) VALUES ('Jade', 10);
INSERT INTO itemRingOfResistanceType (stone, damageTypeID) VALUES ('Topaz', 11);
INSERT INTO itemRingOfResistanceType (stone, damageTypeID) VALUES ('Spinel', 13);

DELETE FROM itemRingOfShootingStarsBallLightning;
DELETE FROM sqlite_sequence WHERE name='itemRingOfShootingStarsBallLightning';
INSERT INTO itemRingOfShootingStarsBallLightning (spheres, sphereDamage) VALUES (4, '2d4');
INSERT INTO itemRingOfShootingStarsBallLightning (spheres, sphereDamage) VALUES (3, '2d6');
INSERT INTO itemRingOfShootingStarsBallLightning (spheres, sphereDamage) VALUES (2, '5d4');
INSERT INTO itemRingOfShootingStarsBallLightning (spheres, sphereDamage) VALUES (1, '4d12');

DELETE FROM itemRobeOfUsefulItemsItem;
DELETE FROM sqlite_sequence WHERE name='itemRobeOfUsefulItemsItem';
INSERT INTO itemRobeOfUsefulItemsItem (roll, patch) VALUES (8, 'Bag of 100 gp');
INSERT INTO itemRobeOfUsefulItemsItem (roll, patch) VALUES (15, 'Silver coffer (1 foot long, 6 inches wide and deep) worth 500 gp');
INSERT INTO itemRobeOfUsefulItemsItem (roll, patch) VALUES (22, 'Iron door (up to 10 feet wide and 10 feet high, barred on one side of your choice), which you can place in an opening you can reach; it conforms to fit the opening, attaching and hinging itself');
INSERT INTO itemRobeOfUsefulItemsItem (roll, patch) VALUES (30, '10 gems worth 100 gp each');
INSERT INTO itemRobeOfUsefulItemsItem (roll, patch) VALUES (44, 'Wooden ladder (24 feet long)');
INSERT INTO itemRobeOfUsefulItemsItem (roll, patch) VALUES (51, 'A riding horse with saddle bags');
INSERT INTO itemRobe (roll, patch) VALUES (59, 'Pit (a cube 10 feet on a side), which you can place on the ground within 10 feet of you');
INSERT INTO itemRobeOfUsefulItemsItem (roll, patch) VALUES (68, '4 potions of healing');
INSERT INTO itemRobeOfUsefulItemsItem (roll, patch) VALUES (75, 'Rowboat (12 feet long)');
INSERT INTO itemRobeOfUsefulItemsItem (roll, patch) VALUES (83, 'Spell scroll containing one spell of 1st to 3rd');
INSERT INTO itemRobeOfUsefulItemsItem (roll, patch) VALUES (90, '2 mastiffs');
INSERT INTO itemRobeOfUsefulItemsItem (roll, patch) VALUES (96, 'Window (2 feet by 4 feet, up to 2 feet deep), which you can place on a vertical surface you can reach');
INSERT INTO itemRobeOfUsefulItemsItem (roll, patch) VALUES (100, 'Portable ram');

DELETE FROM itemSpellScroll;
DELETE FROM sqlite_sequence WHERE name='itemSpellScroll';
INSERT INTO itemSpellScroll (level, rarity, saveDC, atkBonus) VALUES (0, 1, 13, 5);
INSERT INTO itemSpellScroll (level, rarity, saveDC, atkBonus) VALUES (1, 1, 13, 5);
INSERT INTO itemSpellScroll (level, rarity, saveDC, atkBonus) VALUES (2, 2, 13, 5);
INSERT INTO itemSpellScroll (level, rarity, saveDC, atkBonus) VALUES (3, 2, 15, 7);
INSERT INTO itemSpellScroll (level, rarity, saveDC, atkBonus) VALUES (4, 3, 15, 7);
INSERT INTO itemSpellScroll (level, rarity, saveDC, atkBonus) VALUES (5, 3, 17, 9);
INSERT INTO itemSpellScroll (level, rarity, saveDC, atkBonus) VALUES (6, 4, 17, 9);
INSERT INTO itemSpellScroll (level, rarity, saveDC, atkBonus) VALUES (7, 4, 18, 10);
INSERT INTO itemSpellScroll (level, rarity, saveDC, atkBonus) VALUES (8, 4, 18, 10);
INSERT INTO itemSpellScroll (level, rarity, saveDC, atkBonus) VALUES (9, 5, 19, 11);

DELETE FROM itemSphereOfAnnihilationCollisionWithPortalEffect;
DELETE FROM sqlite_sequence WHERE name='itemSphereOfAnnihilationCollisionWithPortalEffect';
INSERT INTO itemSphereOfAnnihilationCollisionWithPortalEffect (roll, result) VALUES (50, 'The sphere is destroyed.');
INSERT INTO itemSphereOfAnnihilationCollisionWithPortalEffect (roll, result) VALUES (85, 'The sphere moves through the portal or into the extradimensional space.');
INSERT INTO itemSphereOfAnnihilationCollisionWithPortalEffect (roll, result) VALUES (100, 'A spatial rift sends each creature and object within 180 feet of the sphere, including the sphere, to a random plane of existence.');

DELETE FROM itemStaffDestructionEffect;
DELETE FROM sqlite_sequence WHERE name='itemStaffDestructionEffect';
INSERT INTO itemStaffDestructionEffect (distance, distanceID, chargeDmgMult) VALUES (10, 3, 8);
INSERT INTO itemStaffDestructionEffect (distance, distanceID, chargeDmgMult) VALUES (20, 3, 6);
INSERT INTO itemStaffDestructionEffect (distance, distanceID, chargeDmgMult) VALUES (30, 3, 4);

DELETE FROM itemWandOfWonderEffect;
DELETE FROM sqlite_sequence WHERE name='itemWandOfWonderEffect';
INSERT INTO itemWandOfWonderEffect (roll, effect) VALUES (5, 'You cast slow.');
INSERT INTO itemWandOfWonderEffect (roll, effect) VALUES (10, 'You cast faerie fire.');
INSERT INTO itemWandOfWonderEffect (roll, effect) VALUES (15, 'You are stunned until the start of your next turn, believing something awesome just happened.');
INSERT INTO itemWandOfWonderEffect (roll, effect) VALUES (20, 'You cast gust of wind.');
INSERT INTO itemWandOfWonderEffect (roll, effect) VALUES (25, 'You cast detect thoughts on the target you chose. If you didn’t target a creature, you instead take 1d6 psychic damage.');
INSERT INTO itemWandOfWonderEffect (roll, effect) VALUES (30, 'You cast stinking cloud.');
INSERT INTO itemWandOfWonderEffect (roll, effect) VALUES (33, 'Heavy rain falls in a 60-­‐foot radius centered on the target. The area becomes lightly obscured.  The rain falls until the start of your next turn.');
INSERT INTO itemWandOfWonderEffect (roll, effect) VALUES (36, 'An animal appears in the unoccupied space nearest the target. The animal isn’t under your control and acts as it normally would. Roll a d100 to determine which animal appears. On a 01–25, a rhinoceros appears; on a 26–50, an elephant appears; and on a 51–100, a rat appears.');
INSERT INTO itemWandOfWonderEffect (roll, effect) VALUES (46, 'You cast lightning bolt.');
INSERT INTO itemWandOfWonderEffect (roll, effect) VALUES (49, 'A cloud of 600 oversized butterflies fills a 30-­‐foot radius centered on the target. The area becomes heavily obscured. The butterflies remain for 10 minutes.');
INSERT INTO itemWandOfWonderEffect (roll, effect) VALUES (53, 'You enlarge the target as if you had cast enlarge/reduce. If the target can’t be affected by that spell, or if you didn’t target a creature, you become the target.');
INSERT INTO itemWandOfWonderEffect (roll, effect) VALUES (58, 'You cast darkness.');
INSERT INTO itemWandOfWonderEffect (roll, effect) VALUES (62, 'Grass grows on the ground in a 60-­‐foot radius centered on the target. If grass is already there, it grows to ten times its normal size and remains overgrown for 1 minute.');
INSERT INTO itemWandOfWonderEffect (roll, effect) VALUES (65, 'An object of the GM’s choice disappears into the Ethereal Plane. The object must be neither worn nor carried, within 120 feet of the target, and no larger than 10 feet in any dimension.');
INSERT INTO itemWandOfWonderEffect (roll, effect) VALUES (69, 'You shrink yourself as if you had cast enlarge/reduce on yourself.');
INSERT INTO itemWandOfWonderEffect (roll, effect) VALUES (79, 'You cast fireball.');
INSERT INTO itemWandOfWonderEffect (roll, effect) VALUES (84, 'You cast invisibility on yourself.');
INSERT INTO itemWandOfWonderEffect (roll, effect) VALUES (87, 'Leaves grow from the target. If you chose a point in space as the target, leaves sprout from the creature nearest to that point. Unless they are picked off, the leaves turn brown and fall off after 24 hours.');
INSERT INTO itemWandOfWonderEffect (roll, effect) VALUES (90, 'A stream of 1d4 × 10 gems, each worth 1 gp, shoots from the wand’s tip in a line 30 feet long and 5 feet wide. Each gem deals 1 bludgeoning damage, and the total damage of the gems is divided equally among all creatures in the line.');
INSERT INTO itemWandOfWonderEffect (roll, effect) VALUES (95, 'A burst of colorful shimmering light extends from you in a 30-­‐foot radius. You and each creature in the area that can see must succeed on a DC 15 Constitution saving throw or become blinded for 1 minute. A creature can repeat the saving throw at the end of each of its turns, ending the effect on itself on a success.');
INSERT INTO itemWandOfWonderEffect (roll, effect) VALUES (97, 'The target’s skin turns bright blue for 1d10 days.  If you chose a point in space, the creature nearest to that point is affected.');
INSERT INTO itemWandOfWonderEffect (roll, effect) VALUES (100, 'If you targeted a creature, it must make a DC 15 Constitution saving throw. If you didn’t target a creature, you become the target and must make the saving throw. If the saving throw fails by 5 or more, the target is instantly petrified. On any other failed save, the target is restrained and begins to turn to stone. While restrained in this way, the target must repeat the saving throw at the end of its next turn, becoming petrified on a failure or ending the effect on a success. The petrification lasts until the target is freed by the greater restoration spell or similar magic.');

DELETE FROM sentientMagicItemCommunication;
DELETE FROM sqlite_sequence WHERE name='sentientMagicItemCommunication';
INSERT INTO sentientMagicItemCommunication (roll, effect) VALUES (60, 'The item communicates by transmitting emotion to the creature carrying or wielding it.');
INSERT INTO sentientMagicItemCommunication (roll, effect) VALUES (90, 'The item can speak, read, and understand one or more languages.');
INSERT INTO sentientMagicItemCommunication (roll, effect) VALUES (100, 'The item can speak, read, and understand one or more languages. In addition, the item can communicate telepathically with any character that carries or wields it.');

DELETE FROM sentientMagicItemSense;
DELETE FROM sqlite_sequence WHERE name='sentientMagicItemSense';
INSERT INTO sentientMagicItemSense (roll, effect) VALUES (1, 'Hearing and normal vision out to 30 feet.');
INSERT INTO sentientMagicItemSense (roll, effect) VALUES (2, 'Hearing and normal vision out to 60 feet');
INSERT INTO sentientMagicItemSense (roll, effect) VALUES (3, 'Hearing and normal vision out to 120 feet.');
INSERT INTO sentientMagicItemSense (roll, effect) VALUES (4, 'Hearing and darkvision out to 120 feet.');

DELETE FROM sentientMagicItemAlignment;
DELETE FROM sqlite_sequence WHERE name='sentientMagicItemAlignment';
INSERT INTO sentientMagicItemAlignment (roll, alignment) VALUES (15, 1);
INSERT INTO sentientMagicItemAlignment (roll, alignment) VALUES (35, 4);
INSERT INTO sentientMagicItemAlignment (roll, alignment) VALUES (50, 7);
INSERT INTO sentientMagicItemAlignment (roll, alignment) VALUES (63, 2);
INSERT INTO sentientMagicItemAlignment (roll, alignment) VALUES (73, 5);
INSERT INTO sentientMagicItemAlignment (roll, alignment) VALUES (85, 8);
INSERT INTO sentientMagicItemAlignment (roll, alignment) VALUES (89, 3);
INSERT INTO sentientMagicItemAlignment (roll, alignment) VALUES (96, 6);
INSERT INTO sentientMagicItemAlignment (roll, alignment) VALUES (100, 9);

DELETE FROM sentientMagicItemPurpose;
DELETE FROM sqlite_sequence WHERE name='sentientMagicItemPurpose';
INSERT INTO sentientMagicItemPurpose (roll, purpose) VALUES (1, 'Aligned: The item seeks to defeat or destroy those of a diametrically opposed alignment. (Such an item is never neutral.)');
INSERT INTO sentientMagicItemPurpose (roll, purpose) VALUES (2, 'Bane: The item seeks to defeat or destroy creatures of a particular kind, such as fiends, shapechangers, trolls, or wizards.');
INSERT INTO sentientMagicItemPurpose (roll, purpose) VALUES (3, 'Protector: The item seeks to defend a particular race or kind of creature, such as elves or druids.');
INSERT INTO sentientMagicItemPurpose (roll, purpose) VALUES (4, 'Crusader: The item seeks to defeat, weaken, or destroy the servants of a particular deity.');
INSERT INTO sentientMagicItemPurpose (roll, purpose) VALUES (5, 'Templar: The item seeks to defend the servants and interests of a particular deity.');
INSERT INTO sentientMagicItemPurpose (roll, purpose) VALUES (6, 'Destroyer: The item craves destruction and goads its user to fight arbitrarily.');
INSERT INTO sentientMagicItemPurpose (roll, purpose) VALUES (7, 'Glory Seeker: The item seeks renown as the greatest magic item in the world, by establishing its user as a famous or notorious figure.');
INSERT INTO sentientMagicItemPurpose (roll, purpose) VALUES (8, 'Lore Seeker: The item craves knowledge or is determined to solve a mystery, learn a secret, or unravel a cryptic prophecy.');
INSERT INTO sentientMagicItemPurpose (roll, purpose) VALUES (9, 'Destiny Seeker: The item is convinced that it and its wielder have key roles to play in future events.');
INSERT INTO sentientMagicItemPurpose (roll, purpose) VALUES (10, 'Creator Seeker: The item seeks its creator and wants to understand why it was created.');
